sample_name,BSF_name,lane,flowcell,data_source,read_type,skip_preprocess,organism
PT82_R1_C_albicans_24h,PT82_R1_untreated_C_albicans_24h_S58517,3,BSF_0694_HFCMWBBXY,bmdm-stim,single,no,mouse
PT82_R1_C_albicans_8h,PT82_R1_untreated_C_albicans_8h_S58502,3,BSF_0694_HFCMWBBXY,bmdm-stim,single,no,mouse
PT82_R1_IFN_beta_24h,PT82_R1_untreated_IFN_beta_24h_S58513,3,BSF_0694_HFCMWBBXY,bmdm-stim,single,no,mouse
PT82_R1_IFN_beta_8h,PT82_R1_untreated_IFN_beta_8h_S58510,3,BSF_0694_HFCMWBBXY,bmdm-stim,single,no,mouse
PT82_R1_IFN_gamma_24h,PT82_R1_untreated_IFN_gamma_24h_S58526,3,BSF_0694_HFCMWBBXY,bmdm-stim,single,no,mouse
PT82_R1_IFN_gamma_8h,PT82_R1_untreated_IFN_gamma_8h_S58509,3,BSF_0694_HFCMWBBXY,bmdm-stim,single,no,mouse
PT82_R1_LCMV_Cl13_24h,PT82_R1_untreated_LCMV_Cl13_24h_S58514,3,BSF_0694_HFCMWBBXY,bmdm-stim,single,no,mouse
PT82_R1_LCMV_Cl13_8h,PT82_R1_untreated_LCMV_Cl13_8h_S58501,3,BSF_0694_HFCMWBBXY,bmdm-stim,single,no,mouse
PT82_R1_LO28_24h,PT82_R1_untreated_LO28_24h_S58515,3,BSF_0694_HFCMWBBXY,bmdm-stim,single,no,mouse
PT82_R1_LO28_8h,PT82_R1_untreated_LO28_8h_S58500,3,BSF_0694_HFCMWBBXY,bmdm-stim,single,no,mouse
PT82_R1_LPS_24h,PT82_R1_untreated_LPS_24h_S58512,3,BSF_0694_HFCMWBBXY,bmdm-stim,single,no,mouse
PT82_R1_LPS_8h,PT82_R1_untreated_LPS_8h_S58511,3,BSF_0694_HFCMWBBXY,bmdm-stim,single,no,mouse
PT82_R1_untreated_24h,PT82_R1_untreated_untreated_24h_S58516,3,BSF_0694_HFCMWBBXY,bmdm-stim,single,no,mouse
PT82_R1_untreated_8h,PT82_R1_untreated_untreated_8h_S58503,3,BSF_0694_HFCMWBBXY,bmdm-stim,single,no,mouse
PT82_R2_C_albicans_24h,PT82_R2_untreated_C_albicans_24h_S58524,3,BSF_0694_HFCMWBBXY,bmdm-stim,single,no,mouse
PT82_R2_C_albicans_8h,PT82_R2_untreated_C_albicans_8h_S58507,3,BSF_0694_HFCMWBBXY,bmdm-stim,single,no,mouse
PT82_R2_IFN_beta_24h,PT82_R2_untreated_IFN_beta_24h_S58520,3,BSF_0694_HFCMWBBXY,bmdm-stim,single,no,mouse
PT82_R2_IFN_beta_8h,PT82_R2_untreated_IFN_beta_8h_S58518,3,BSF_0694_HFCMWBBXY,bmdm-stim,single,no,mouse
PT82_R2_IFN_gamma_24h,PT82_R2_untreated_IFN_gamma_24h_S58521,3,BSF_0694_HFCMWBBXY,bmdm-stim,single,no,mouse
PT82_R2_IFN_gamma_8h,PT82_R2_untreated_IFN_gamma_8h_S58519,3,BSF_0694_HFCMWBBXY,bmdm-stim,single,no,mouse
PT82_R2_LCMV_Cl13_24h,PT82_R2_untreated_LCMV_Cl13_24h_S58525,3,BSF_0694_HFCMWBBXY,bmdm-stim,single,no,mouse
PT82_R2_LCMV_Cl13_8h,PT82_R2_untreated_LCMV_Cl13_8h_S58506,3,BSF_0694_HFCMWBBXY,bmdm-stim,single,no,mouse
PT82_R2_LO28_24h,PT82_R2_untreated_LO28_24h_S58522,3,BSF_0694_HFCMWBBXY,bmdm-stim,single,no,mouse
PT82_R2_LO28_8h,PT82_R2_untreated_LO28_8h_S58505,3,BSF_0694_HFCMWBBXY,bmdm-stim,single,no,mouse
PT82_R2_LPS_24h,PT82_R2_untreated_LPS_24h_S58523,3,BSF_0694_HFCMWBBXY,bmdm-stim,single,no,mouse
PT82_R2_LPS_8h,PT82_R2_untreated_LPS_8h_S58504,3,BSF_0694_HFCMWBBXY,bmdm-stim,single,no,mouse
PT82_R2_untreated_24h,PT82_R2_untreated_untreated_24h_S58527,3,BSF_0694_HFCMWBBXY,bmdm-stim,single,no,mouse
PT82_R2_untreated_8h,PT82_R2_untreated_untreated_8h_S58508,3,BSF_0694_HFCMWBBXY,bmdm-stim,single,no,mouse
PT82_R1_C_albicans_24h,PT82_R1_untreated_C_albicans_24h_S58517,4,BSF_0694_HFCMWBBXY,bmdm-stim,single,no,mouse
PT82_R1_C_albicans_8h,PT82_R1_untreated_C_albicans_8h_S58502,4,BSF_0694_HFCMWBBXY,bmdm-stim,single,no,mouse
PT82_R1_IFN_beta_24h,PT82_R1_untreated_IFN_beta_24h_S58513,4,BSF_0694_HFCMWBBXY,bmdm-stim,single,no,mouse
PT82_R1_IFN_beta_8h,PT82_R1_untreated_IFN_beta_8h_S58510,4,BSF_0694_HFCMWBBXY,bmdm-stim,single,no,mouse
PT82_R1_IFN_gamma_24h,PT82_R1_untreated_IFN_gamma_24h_S58526,4,BSF_0694_HFCMWBBXY,bmdm-stim,single,no,mouse
PT82_R1_IFN_gamma_8h,PT82_R1_untreated_IFN_gamma_8h_S58509,4,BSF_0694_HFCMWBBXY,bmdm-stim,single,no,mouse
PT82_R1_LCMV_Cl13_24h,PT82_R1_untreated_LCMV_Cl13_24h_S58514,4,BSF_0694_HFCMWBBXY,bmdm-stim,single,no,mouse
PT82_R1_LCMV_Cl13_8h,PT82_R1_untreated_LCMV_Cl13_8h_S58501,4,BSF_0694_HFCMWBBXY,bmdm-stim,single,no,mouse
PT82_R1_LO28_24h,PT82_R1_untreated_LO28_24h_S58515,4,BSF_0694_HFCMWBBXY,bmdm-stim,single,no,mouse
PT82_R1_LO28_8h,PT82_R1_untreated_LO28_8h_S58500,4,BSF_0694_HFCMWBBXY,bmdm-stim,single,no,mouse
PT82_R1_LPS_24h,PT82_R1_untreated_LPS_24h_S58512,4,BSF_0694_HFCMWBBXY,bmdm-stim,single,no,mouse
PT82_R1_LPS_8h,PT82_R1_untreated_LPS_8h_S58511,4,BSF_0694_HFCMWBBXY,bmdm-stim,single,no,mouse
PT82_R1_untreated_24h,PT82_R1_untreated_untreated_24h_S58516,4,BSF_0694_HFCMWBBXY,bmdm-stim,single,no,mouse
PT82_R1_untreated_8h,PT82_R1_untreated_untreated_8h_S58503,4,BSF_0694_HFCMWBBXY,bmdm-stim,single,no,mouse
PT82_R2_C_albicans_24h,PT82_R2_untreated_C_albicans_24h_S58524,4,BSF_0694_HFCMWBBXY,bmdm-stim,single,no,mouse
PT82_R2_C_albicans_8h,PT82_R2_untreated_C_albicans_8h_S58507,4,BSF_0694_HFCMWBBXY,bmdm-stim,single,no,mouse
PT82_R2_IFN_beta_24h,PT82_R2_untreated_IFN_beta_24h_S58520,4,BSF_0694_HFCMWBBXY,bmdm-stim,single,no,mouse
PT82_R2_IFN_beta_8h,PT82_R2_untreated_IFN_beta_8h_S58518,4,BSF_0694_HFCMWBBXY,bmdm-stim,single,no,mouse
PT82_R2_IFN_gamma_24h,PT82_R2_untreated_IFN_gamma_24h_S58521,4,BSF_0694_HFCMWBBXY,bmdm-stim,single,no,mouse
PT82_R2_IFN_gamma_8h,PT82_R2_untreated_IFN_gamma_8h_S58519,4,BSF_0694_HFCMWBBXY,bmdm-stim,single,no,mouse
PT82_R2_LCMV_Cl13_24h,PT82_R2_untreated_LCMV_Cl13_24h_S58525,4,BSF_0694_HFCMWBBXY,bmdm-stim,single,no,mouse
PT82_R2_LCMV_Cl13_8h,PT82_R2_untreated_LCMV_Cl13_8h_S58506,4,BSF_0694_HFCMWBBXY,bmdm-stim,single,no,mouse
PT82_R2_LO28_24h,PT82_R2_untreated_LO28_24h_S58522,4,BSF_0694_HFCMWBBXY,bmdm-stim,single,no,mouse
PT82_R2_LO28_8h,PT82_R2_untreated_LO28_8h_S58505,4,BSF_0694_HFCMWBBXY,bmdm-stim,single,no,mouse
PT82_R2_LPS_24h,PT82_R2_untreated_LPS_24h_S58523,4,BSF_0694_HFCMWBBXY,bmdm-stim,single,no,mouse
PT82_R2_LPS_8h,PT82_R2_untreated_LPS_8h_S58504,4,BSF_0694_HFCMWBBXY,bmdm-stim,single,no,mouse
PT82_R2_untreated_24h,PT82_R2_untreated_untreated_24h_S58527,4,BSF_0694_HFCMWBBXY,bmdm-stim,single,no,mouse
PT82_R2_untreated_8h,PT82_R2_untreated_untreated_8h_S58508,4,BSF_0694_HFCMWBBXY,bmdm-stim,single,no,mouse
PT76_R1_C_albicans_2h,PT76_R1_C_albicans_2_hours_S57856,6,BSF_0685_HFFJ3BBXY,bmdm-stim,single,no,mouse
PT76_R1_C_albicans_4h,PT76_R1_C_albicans_4_hours_S57862,6,BSF_0685_HFFJ3BBXY,bmdm-stim,single,no,mouse
PT76_R1_C_albicans_6h,PT76_R1_C_albicans_6_hours_S57868,6,BSF_0685_HFFJ3BBXY,bmdm-stim,single,no,mouse
PT76_R1_C_albicans_8h,PT76_R1_C_albicans_8_hours_S57869,6,BSF_0685_HFFJ3BBXY,bmdm-stim,single,no,mouse
PT76_R1_untreated_0h,PT76_R1_Control_0_hours_S57875,6,BSF_0685_HFFJ3BBXY,bmdm-stim,single,no,mouse
PT76_R1_IFN_beta_2h,PT76_R1_IFN_beta_2_hours_S57876,6,BSF_0685_HFFJ3BBXY,bmdm-stim,single,no,mouse
PT76_R1_IFN_beta_4h,PT76_R1_IFN_beta_4_hours_S57858,6,BSF_0685_HFFJ3BBXY,bmdm-stim,single,no,mouse
PT76_R1_IFN_beta_6h,PT76_R1_IFN_beta_6_hours_S57864,6,BSF_0685_HFFJ3BBXY,bmdm-stim,single,no,mouse
PT76_R1_IFN_beta_8h,PT76_R1_IFN_beta_8_hours_S57873,6,BSF_0685_HFFJ3BBXY,bmdm-stim,single,no,mouse
PT76_R1_IFN_gamma_2h,PT76_R1_IFN_gamma_2_hours_S57877,6,BSF_0685_HFFJ3BBXY,bmdm-stim,single,no,mouse
PT76_R1_IFN_gamma_4h,PT76_R1_IFN_gamma_4_hours_S57857,6,BSF_0685_HFFJ3BBXY,bmdm-stim,single,no,mouse
PT76_R1_IFN_gamma_6h,PT76_R1_IFN_gamma_6_hours_S57863,6,BSF_0685_HFFJ3BBXY,bmdm-stim,single,no,mouse
PT76_R1_IFN_gamma_8h,PT76_R1_IFN_gamma_8_hours_S57874,6,BSF_0685_HFFJ3BBXY,bmdm-stim,single,no,mouse
PT76_R1_LCMV_Cl13_2h,PT76_R1_LCMV_Cl13_2_hours_S57855,6,BSF_0685_HFFJ3BBXY,bmdm-stim,single,no,mouse
PT76_R1_LCMV_Cl13_4h,PT76_R1_LCMV_Cl13_4_hours_S57861,6,BSF_0685_HFFJ3BBXY,bmdm-stim,single,no,mouse
PT76_R1_LCMV_Cl13_6h,PT76_R1_LCMV_Cl13_6_hours_S57867,6,BSF_0685_HFFJ3BBXY,bmdm-stim,single,no,mouse
PT76_R1_LCMV_Cl13_8h,PT76_R1_LCMV_Cl13_8_hours_S57870,6,BSF_0685_HFFJ3BBXY,bmdm-stim,single,no,mouse
PT76_R1_LO28_2h,PT76_R1_LO28_2_hours_S57854,6,BSF_0685_HFFJ3BBXY,bmdm-stim,single,no,mouse
PT76_R1_LO28_4h,PT76_R1_LO28_4_hours_S57860,6,BSF_0685_HFFJ3BBXY,bmdm-stim,single,no,mouse
PT76_R1_LO28_6h,PT76_R1_LO28_6_hours_S57866,6,BSF_0685_HFFJ3BBXY,bmdm-stim,single,no,mouse
PT76_R1_LO28_8h,PT76_R1_LO28_8_hours_S57871,6,BSF_0685_HFFJ3BBXY,bmdm-stim,single,no,mouse
PT76_R1_LPS_2h,PT76_R1_LPS_2_hours_S57853,6,BSF_0685_HFFJ3BBXY,bmdm-stim,single,no,mouse
PT76_R1_LPS_4h,PT76_R1_LPS_4_hours_S57859,6,BSF_0685_HFFJ3BBXY,bmdm-stim,single,no,mouse
PT76_R1_LPS_6h,PT76_R1_LPS_6_hours_S57865,6,BSF_0685_HFFJ3BBXY,bmdm-stim,single,no,mouse
PT76_R1_LPS_8h,PT76_R1_LPS_8_hours_S57872,6,BSF_0685_HFFJ3BBXY,bmdm-stim,single,no,mouse
PT76_R2_C_albicans_2h,PT76_R2_C_albicans_2_hours_S57832,7,BSF_0685_HFFJ3BBXY,bmdm-stim,single,no,mouse
PT76_R2_C_albicans_4h,PT76_R2_C_albicans_4_hours_S57841,7,BSF_0685_HFFJ3BBXY,bmdm-stim,single,no,mouse
PT76_R2_C_albicans_6h,PT76_R2_C_albicans_6_hours_S57847,7,BSF_0685_HFFJ3BBXY,bmdm-stim,single,no,mouse
PT76_R2_C_albicans_8h,PT76_R2_C_albicans_8_hours_S57852,7,BSF_0685_HFFJ3BBXY,bmdm-stim,single,no,mouse
PT76_R2_untreated_0h,PT76_R2_Control_0_hours_S57830,7,BSF_0685_HFFJ3BBXY,bmdm-stim,single,no,mouse
PT76_R2_IFN_beta_2h,PT76_R2_IFN_beta_2_hours_S57828,7,BSF_0685_HFFJ3BBXY,bmdm-stim,single,no,mouse
PT76_R2_IFN_beta_4h,PT76_R2_IFN_beta_4_hours_S57838,7,BSF_0685_HFFJ3BBXY,bmdm-stim,single,no,mouse
PT76_R2_IFN_beta_6h,PT76_R2_IFN_beta_6_hours_S57843,7,BSF_0685_HFFJ3BBXY,bmdm-stim,single,no,mouse
PT76_R2_IFN_beta_8h,PT76_R2_IFN_beta_8_hours_S57849,7,BSF_0685_HFFJ3BBXY,bmdm-stim,single,no,mouse
PT76_R2_IFN_gamma_2h,PT76_R2_IFN_gamma_2_hours_S57831,7,BSF_0685_HFFJ3BBXY,bmdm-stim,single,no,mouse
PT76_R2_IFN_gamma_4h,PT76_R2_IFN_gamma_4_hours_S57833,7,BSF_0685_HFFJ3BBXY,bmdm-stim,single,no,mouse
PT76_R2_IFN_gamma_6h,PT76_R2_IFN_gamma_6_hours_S57840,7,BSF_0685_HFFJ3BBXY,bmdm-stim,single,no,mouse
PT76_R2_IFN_gamma_8h,PT76_R2_IFN_gamma_8_hours_S57846,7,BSF_0685_HFFJ3BBXY,bmdm-stim,single,no,mouse
PT76_R2_LCMV_Cl13_2h,PT76_R2_LCMV_Cl13_2_hours_S57835,7,BSF_0685_HFFJ3BBXY,bmdm-stim,single,no,mouse
PT76_R2_LCMV_Cl13_4h,PT76_R2_LCMV_Cl13_4_hours_S57837,7,BSF_0685_HFFJ3BBXY,bmdm-stim,single,no,mouse
PT76_R2_LCMV_Cl13_6h,PT76_R2_LCMV_Cl13_6_hours_S57844,7,BSF_0685_HFFJ3BBXY,bmdm-stim,single,no,mouse
PT76_R2_LCMV_Cl13_8h,PT76_R2_LCMV_Cl13_8_hours_S57850,7,BSF_0685_HFFJ3BBXY,bmdm-stim,single,no,mouse
PT76_R2_LO28_2h,PT76_R2_LO28_2_hours_S57834,7,BSF_0685_HFFJ3BBXY,bmdm-stim,single,no,mouse
PT76_R2_LO28_4h,PT76_R2_LO28_4_hours_S57836,7,BSF_0685_HFFJ3BBXY,bmdm-stim,single,no,mouse
PT76_R2_LO28_6h,PT76_R2_LO28_6_hours_S57845,7,BSF_0685_HFFJ3BBXY,bmdm-stim,single,no,mouse
PT76_R2_LO28_8h,PT76_R2_LO28_8_hours_S57851,7,BSF_0685_HFFJ3BBXY,bmdm-stim,single,no,mouse
PT76_R2_LPS_2h,PT76_R2_LPS_2_hours_S57829,7,BSF_0685_HFFJ3BBXY,bmdm-stim,single,no,mouse
PT76_R2_LPS_4h,PT76_R2_LPS_4_hours_S57839,7,BSF_0685_HFFJ3BBXY,bmdm-stim,single,no,mouse
PT76_R2_LPS_6h,PT76_R2_LPS_6_hours_S57842,7,BSF_0685_HFFJ3BBXY,bmdm-stim,single,no,mouse
PT76_R2_LPS_8h,PT76_R2_LPS_8_hours_S57848,7,BSF_0685_HFFJ3BBXY,bmdm-stim,single,no,mouse
