,library,timepoint after thawing,cell_line,Treatment,Treatment_time,mouse_pool,sex,bio-replicate,organism,experiment_id,M Reads,M Reads Mapped,flowcell,Peaks,FRiP,Regulatory,TSS,Mitochondrial DNA,Fragment Length,Treatment Redundancy,% Dups,% Aligned,% Duplication,% > Q30,Mb Q30 bases,GC content,% PF,% Adapter,pass_qc
PT76_R1_C_albicans_2h,ATAC-seq,d010,BMDM,C_albicans,2h,PT62_c,female,R1,mouse,PT76,12.7,12.5,BSF_0685_HFFJ3BBXY,78577.0,0.44,0.54,4.3,0.0,147.0,0.06,0.19,0.99,0.14,0.97,609.5,0.51,1.0,0.1,1
PT76_R1_C_albicans_4h,ATAC-seq,d010,BMDM,C_albicans,4h,PT62_c,female,R1,mouse,PT76,15.5,15.4,BSF_0685_HFFJ3BBXY,74600.0,0.39,0.48,4.2,0.0,147.0,0.06,0.19,0.99,0.15,0.97,748.6,0.5,1.0,0.12,1
PT76_R1_C_albicans_6h,ATAC-seq,d010,BMDM,C_albicans,6h,PT62_c,female,R1,mouse,PT76,14.0,13.9,BSF_0685_HFFJ3BBXY,80832.0,0.5,0.58,4.2,0.0,147.0,0.08,0.22,0.99,0.17,0.96,675.5,0.51,1.0,0.1,1
PT76_R1_C_albicans_8h,ATAC-seq,d010,BMDM,C_albicans,8h,PT62_c,female,R1,mouse,PT76,15.2,15.1,BSF_0685_HFFJ3BBXY,71126.0,0.37,0.47,3.8,0.0,147.0,0.06,0.19,0.99,0.14,0.97,733.7,0.5,1.0,0.11,1
PT76_R1_untreated_0h,ATAC-seq,d010,BMDM,untreated,0h,PT62_c,female,R1,mouse,PT76,16.0,15.9,BSF_0685_HFFJ3BBXY,81129.0,0.42,0.51,4.6,0.0,147.0,0.06,0.18,0.99,0.14,0.97,769.1,0.5,1.0,0.13,1
PT76_R1_IFN_beta_2h,ATAC-seq,d010,BMDM,IFN_beta,2h,PT62_c,female,R1,mouse,PT76,15.6,15.5,BSF_0685_HFFJ3BBXY,77114.0,0.4,0.51,4.2,0.0,147.0,0.06,0.2,0.99,0.16,0.97,749.0,0.5,1.0,0.12,1
PT76_R1_IFN_beta_4h,ATAC-seq,d010,BMDM,IFN_beta,4h,PT62_c,female,R1,mouse,PT76,14.0,13.8,BSF_0685_HFFJ3BBXY,71632.0,0.39,0.5,4.4,0.0,147.0,0.06,0.19,0.99,0.15,0.97,673.5,0.5,1.0,0.1,1
PT76_R1_IFN_beta_6h,ATAC-seq,d010,BMDM,IFN_beta,6h,PT62_c,female,R1,mouse,PT76,12.8,12.7,BSF_0685_HFFJ3BBXY,86921.0,0.46,0.55,4.4,0.0,147.0,0.06,0.2,0.99,0.15,0.97,617.3,0.51,1.0,0.12,1
PT76_R1_IFN_beta_8h,ATAC-seq,d010,BMDM,IFN_beta,8h,PT62_c,female,R1,mouse,PT76,15.4,15.3,BSF_0685_HFFJ3BBXY,91146.0,0.51,0.58,4.4,0.0,147.0,0.09,0.23,0.99,0.18,0.97,742.8,0.51,1.0,0.11,1
PT76_R1_IFN_gamma_2h,ATAC-seq,d010,BMDM,IFN_gamma,2h,PT62_c,female,R1,mouse,PT76,15.0,14.8,BSF_0685_HFFJ3BBXY,71462.0,0.34,0.46,3.9,0.0,147.0,0.04,0.17,0.99,0.14,0.97,718.3,0.49,1.0,0.13,1
PT76_R1_IFN_gamma_4h,ATAC-seq,d010,BMDM,IFN_gamma,4h,PT62_c,female,R1,mouse,PT76,16.4,16.3,BSF_0685_HFFJ3BBXY,80217.0,0.44,0.53,4.4,0.0,147.0,0.08,0.22,0.99,0.17,0.96,793.3,0.5,1.0,0.1,1
PT76_R1_IFN_gamma_6h,ATAC-seq,d010,BMDM,IFN_gamma,6h,PT62_c,female,R1,mouse,PT76,14.8,14.6,BSF_0685_HFFJ3BBXY,77555.0,0.43,0.52,4.4,0.0,147.0,0.06,0.19,0.99,0.14,0.96,709.7,0.5,1.0,0.12,1
PT76_R1_IFN_gamma_8h,ATAC-seq,d010,BMDM,IFN_gamma,8h,PT62_c,female,R1,mouse,PT76,13.2,13.1,BSF_0685_HFFJ3BBXY,83582.0,0.5,0.58,4.5,0.0,147.0,0.08,0.22,0.99,0.17,0.97,636.5,0.51,1.0,0.1,1
PT76_R1_LCMV_Cl13_2h,ATAC-seq,d010,BMDM,LCMV_Cl13,2h,PT62_c,female,R1,mouse,PT76,14.0,13.9,BSF_0685_HFFJ3BBXY,75264.0,0.47,0.56,4.4,0.0,147.0,0.08,0.22,0.99,0.16,0.96,676.0,0.51,1.0,0.1,1
PT76_R1_LCMV_Cl13_4h,ATAC-seq,d010,BMDM,LCMV_Cl13,4h,PT62_c,female,R1,mouse,PT76,15.6,15.4,BSF_0685_HFFJ3BBXY,81550.0,0.48,0.56,4.5,0.0,147.0,0.09,0.23,0.99,0.18,0.97,750.2,0.51,1.0,0.1,1
PT76_R1_LCMV_Cl13_6h,ATAC-seq,d010,BMDM,LCMV_Cl13,6h,PT62_c,female,R1,mouse,PT76,14.6,14.5,BSF_0685_HFFJ3BBXY,82784.0,0.52,0.59,4.3,0.0,147.0,0.09,0.23,0.99,0.17,0.97,702.3,0.52,1.0,0.12,1
PT76_R1_LCMV_Cl13_8h,ATAC-seq,d010,BMDM,LCMV_Cl13,8h,PT62_c,female,R1,mouse,PT76,12.3,12.2,BSF_0685_HFFJ3BBXY,77069.0,0.53,0.62,4.7,0.0,147.0,0.22,0.22,0.99,0.17,0.96,590.1,0.52,1.0,0.11,1
PT76_R1_LO28_2h,ATAC-seq,d010,BMDM,LO28,2h,PT62_c,female,R1,mouse,PT76,12.9,12.6,BSF_0685_HFFJ3BBXY,79061.0,0.44,0.53,4.1,0.0,147.0,0.06,0.18,0.98,0.14,0.97,622.0,0.5,1.0,0.1,1
PT76_R1_LO28_4h,ATAC-seq,d010,BMDM,LO28,4h,PT62_c,female,R1,mouse,PT76,12.6,12.3,BSF_0685_HFFJ3BBXY,67294.0,0.36,0.47,4.0,0.0,147.0,0.15,0.17,0.98,0.13,0.97,608.0,0.49,1.0,0.1,1
PT76_R1_LO28_6h,ATAC-seq,d010,BMDM,LO28,6h,PT62_c,female,R1,mouse,PT76,14.5,14.2,BSF_0685_HFFJ3BBXY,76761.0,0.39,0.49,3.7,0.0,147.0,0.05,0.18,0.98,0.14,0.97,697.4,0.5,1.0,0.12,1
PT76_R1_LO28_8h,ATAC-seq,d010,BMDM,LO28,8h,PT62_c,female,R1,mouse,PT76,12.0,11.8,BSF_0685_HFFJ3BBXY,76553.0,0.42,0.5,4.1,0.0,147.0,0.17,0.18,0.98,0.14,0.97,580.7,0.5,1.0,0.11,1
PT76_R1_LPS_2h,ATAC-seq,d010,BMDM,LPS,2h,PT62_c,female,R1,mouse,PT76,14.6,14.5,BSF_0685_HFFJ3BBXY,76837.0,0.42,0.51,4.1,0.0,147.0,0.06,0.19,0.99,0.14,0.97,704.2,0.5,1.0,0.12,1
PT76_R1_LPS_4h,ATAC-seq,d010,BMDM,LPS,4h,PT62_c,female,R1,mouse,PT76,14.6,14.4,BSF_0685_HFFJ3BBXY,70673.0,0.36,0.47,4.1,0.0,147.0,0.05,0.18,0.99,0.14,0.97,702.6,0.49,1.0,0.1,1
PT76_R1_LPS_6h,ATAC-seq,d010,BMDM,LPS,6h,PT62_c,female,R1,mouse,PT76,13.5,13.3,BSF_0685_HFFJ3BBXY,76378.0,0.42,0.51,4.0,0.0,147.0,0.06,0.19,0.99,0.14,0.97,647.2,0.5,1.0,0.12,1
PT76_R1_LPS_8h,ATAC-seq,d010,BMDM,LPS,8h,PT62_c,female,R1,mouse,PT76,16.7,16.5,BSF_0685_HFFJ3BBXY,85747.0,0.47,0.53,4.2,0.0,147.0,0.09,0.23,0.99,0.17,0.97,805.5,0.5,1.0,0.1,1
PT76_R2_C_albicans_2h,ATAC-seq,d010,BMDM,C_albicans,2h,PT66_b,female,R2,mouse,PT76,14.1,14.0,BSF_0685_HFFJ3BBXY,84533.0,0.6,0.65,4.9,0.0,147.0,0.12,0.27,0.99,0.21,0.96,682.1,0.52,1.0,0.09,1
PT76_R2_C_albicans_4h,ATAC-seq,d010,BMDM,C_albicans,4h,PT66_b,female,R2,mouse,PT76,15.6,15.5,BSF_0685_HFFJ3BBXY,87380.0,0.58,0.64,4.9,0.0,147.0,0.12,0.27,0.99,0.22,0.96,756.1,0.52,1.0,0.08,1
PT76_R2_C_albicans_6h,ATAC-seq,d010,BMDM,C_albicans,6h,PT66_b,female,R2,mouse,PT76,13.5,13.4,BSF_0685_HFFJ3BBXY,83994.0,0.51,0.59,4.6,0.0,147.0,0.07,0.21,0.99,0.17,0.97,651.3,0.51,1.0,0.11,1
PT76_R2_C_albicans_8h,ATAC-seq,d010,BMDM,C_albicans,8h,PT66_b,female,R2,mouse,PT76,15.9,15.8,BSF_0685_HFFJ3BBXY,88280.0,0.5,0.57,4.4,0.0,147.0,0.08,0.22,0.99,0.17,0.97,767.7,0.51,1.0,0.12,1
PT76_R2_untreated_0h,ATAC-seq,d010,BMDM,untreated,0h,PT66_b,female,R2,mouse,PT76,15.2,15.1,BSF_0685_HFFJ3BBXY,65064.0,0.33,0.43,3.9,0.0,147.0,0.06,0.18,0.99,0.15,0.97,732.1,0.5,1.0,0.12,1
PT76_R2_IFN_beta_2h,ATAC-seq,d010,BMDM,IFN_beta,2h,PT66_b,female,R2,mouse,PT76,14.5,14.4,BSF_0685_HFFJ3BBXY,88984.0,0.57,0.64,5.0,0.0,147.0,0.1,0.25,0.99,0.2,0.96,698.7,0.52,1.0,0.09,1
PT76_R2_IFN_beta_4h,ATAC-seq,d010,BMDM,IFN_beta,4h,PT66_b,female,R2,mouse,PT76,13.8,13.7,BSF_0685_HFFJ3BBXY,89308.0,0.51,0.6,4.5,0.0,147.0,0.07,0.21,0.99,0.17,0.96,668.3,0.51,1.0,0.09,1
PT76_R2_IFN_beta_6h,ATAC-seq,d010,BMDM,IFN_beta,6h,PT66_b,female,R2,mouse,PT76,13.9,13.8,BSF_0685_HFFJ3BBXY,87616.0,0.49,0.57,4.6,0.0,147.0,0.07,0.2,0.99,0.16,0.97,670.4,0.51,1.0,0.11,1
PT76_R2_IFN_beta_8h,ATAC-seq,d010,BMDM,IFN_beta,8h,PT66_b,female,R2,mouse,PT76,14.3,14.2,BSF_0685_HFFJ3BBXY,94436.0,0.52,0.59,4.6,0.0,147.0,0.08,0.22,0.99,0.18,0.97,690.1,0.51,1.0,0.11,1
PT76_R2_IFN_gamma_2h,ATAC-seq,d010,BMDM,IFN_gamma,2h,PT66_b,female,R2,mouse,PT76,14.5,14.4,BSF_0685_HFFJ3BBXY,85370.0,0.6,0.67,5.2,0.0,147.0,0.12,0.28,0.99,0.22,0.96,700.4,0.52,1.0,0.09,1
PT76_R2_IFN_gamma_4h,ATAC-seq,d010,BMDM,IFN_gamma,4h,PT66_b,female,R2,mouse,PT76,13.5,13.4,BSF_0685_HFFJ3BBXY,86188.0,0.52,0.62,4.5,0.0,147.0,0.07,0.21,0.99,0.17,0.96,650.8,0.51,1.0,0.08,1
PT76_R2_IFN_gamma_6h,ATAC-seq,d010,BMDM,IFN_gamma,6h,PT66_b,female,R2,mouse,PT76,14.9,14.8,BSF_0685_HFFJ3BBXY,80267.0,0.45,0.54,4.6,0.0,147.0,0.06,0.2,0.99,0.16,0.96,715.3,0.5,1.0,0.13,1
PT76_R2_IFN_gamma_8h,ATAC-seq,d010,BMDM,IFN_gamma,8h,PT66_b,female,R2,mouse,PT76,14.7,14.6,BSF_0685_HFFJ3BBXY,79521.0,0.45,0.54,4.5,0.0,147.0,0.06,0.19,0.99,0.15,0.97,704.9,0.5,1.0,0.14,1
PT76_R2_LCMV_Cl13_2h,ATAC-seq,d010,BMDM,LCMV_Cl13,2h,PT66_b,female,R2,mouse,PT76,12.4,12.3,BSF_0685_HFFJ3BBXY,90921.0,0.57,0.64,4.8,0.0,147.0,0.08,0.23,0.99,0.18,0.96,596.3,0.52,1.0,0.09,1
PT76_R2_LCMV_Cl13_4h,ATAC-seq,d010,BMDM,LCMV_Cl13,4h,PT66_b,female,R2,mouse,PT76,15.2,15.1,BSF_0685_HFFJ3BBXY,89911.0,0.61,0.67,5.1,0.0,147.0,0.12,0.28,0.99,0.22,0.96,734.5,0.53,1.0,0.09,1
PT76_R2_LCMV_Cl13_6h,ATAC-seq,d010,BMDM,LCMV_Cl13,6h,PT66_b,female,R2,mouse,PT76,13.6,13.5,BSF_0685_HFFJ3BBXY,84622.0,0.54,0.62,4.8,0.0,147.0,0.08,0.22,0.99,0.17,0.97,653.7,0.52,1.0,0.11,1
PT76_R2_LCMV_Cl13_8h,ATAC-seq,d010,BMDM,LCMV_Cl13,8h,PT66_b,female,R2,mouse,PT76,13.1,13.0,BSF_0685_HFFJ3BBXY,92252.0,0.56,0.63,4.7,0.0,147.0,0.09,0.23,0.99,0.18,0.96,631.4,0.52,1.0,0.1,1
PT76_R2_LO28_2h,ATAC-seq,d010,BMDM,LO28,2h,PT66_b,female,R2,mouse,PT76,11.6,11.3,BSF_0685_HFFJ3BBXY,84909.0,0.56,0.64,4.3,0.0,147.0,0.22,0.22,0.98,0.18,0.96,561.1,0.51,1.0,0.08,1
PT76_R2_LO28_4h,ATAC-seq,d010,BMDM,LO28,4h,PT66_b,female,R2,mouse,PT76,13.2,12.9,BSF_0685_HFFJ3BBXY,95049.0,0.58,0.63,4.8,0.0,147.0,0.1,0.24,0.97,0.19,0.96,638.2,0.51,1.0,0.09,1
PT76_R2_LO28_6h,ATAC-seq,d010,BMDM,LO28,6h,PT66_b,female,R2,mouse,PT76,15.3,14.9,BSF_0685_HFFJ3BBXY,83374.0,0.39,0.48,3.9,0.0,147.0,0.05,0.18,0.97,0.14,0.97,736.7,0.49,1.0,0.13,1
PT76_R2_LO28_8h,ATAC-seq,d010,BMDM,LO28,8h,PT66_b,female,R2,mouse,PT76,13.5,13.1,BSF_0685_HFFJ3BBXY,95138.0,0.44,0.5,3.9,0.0,147.0,0.05,0.18,0.97,0.15,0.97,647.3,0.49,1.0,0.13,1
PT76_R2_LPS_2h,ATAC-seq,d010,BMDM,LPS,2h,PT66_b,female,R2,mouse,PT76,12.5,12.4,BSF_0685_HFFJ3BBXY,93488.0,0.58,0.64,4.6,0.0,147.0,0.09,0.24,0.99,0.19,0.96,604.5,0.52,1.0,0.09,1
PT76_R2_LPS_4h,ATAC-seq,d010,BMDM,LPS,4h,PT66_b,female,R2,mouse,PT76,13.9,13.8,BSF_0685_HFFJ3BBXY,88805.0,0.53,0.61,4.5,0.0,147.0,0.07,0.22,0.99,0.17,0.96,672.1,0.51,1.0,0.09,1
PT76_R2_LPS_6h,ATAC-seq,d010,BMDM,LPS,6h,PT66_b,female,R2,mouse,PT76,13.9,13.8,BSF_0685_HFFJ3BBXY,83681.0,0.46,0.54,4.5,0.0,147.0,0.06,0.19,0.99,0.15,0.97,666.3,0.5,1.0,0.13,1
PT76_R2_LPS_8h,ATAC-seq,d010,BMDM,LPS,8h,PT66_b,female,R2,mouse,PT76,15.2,15.1,BSF_0685_HFFJ3BBXY,100869.0,0.56,0.6,4.4,0.0,147.0,0.09,0.23,0.99,0.18,0.97,734.0,0.51,1.0,0.11,1
PT82_R1_C_albicans_24h,ATAC-seq,d011,BMDM,C_albicans,24h,PT62_c,female,R1,mouse,PT82,25.3,25.1,BSF_0694_HFCMWBBXY,97991.0,0.57,0.61,4.4,0.0,147.0,0.15,0.31,0.99,0.25,0.97,1231.1,0.52,1.0,0.09,1
PT82_R1_C_albicans_8h,ATAC-seq,d010,BMDM,C_albicans,8h,PT62_c,female,R1,mouse,PT82,25.8,25.5,BSF_0694_HFCMWBBXY,85470.0,0.38,0.46,4.0,0.0,147.0,0.08,0.23,0.99,0.18,0.97,1248.5,0.49,1.0,0.12,1
PT82_R1_IFN_beta_24h,ATAC-seq,d011,BMDM,IFN_beta,24h,PT62_c,female,R1,mouse,PT82,22.4,22.3,BSF_0694_HFCMWBBXY,89222.0,0.54,0.6,4.5,0.0,147.0,0.14,0.29,0.99,0.23,0.97,1086.8,0.52,1.0,0.1,1
PT82_R1_IFN_beta_8h,ATAC-seq,d010,BMDM,IFN_beta,8h,PT62_c,female,R1,mouse,PT82,24.7,24.5,BSF_0694_HFCMWBBXY,103324.0,0.47,0.53,4.2,0.0,147.0,0.1,0.26,0.99,0.2,0.97,1193.9,0.5,1.0,0.14,1
PT82_R1_IFN_gamma_24h,ATAC-seq,d011,BMDM,IFN_gamma,24h,PT62_c,female,R1,mouse,PT82,23.9,23.7,BSF_0694_HFCMWBBXY,98825.0,0.59,0.63,4.5,0.0,147.0,0.15,0.31,0.99,0.24,0.97,1159.7,0.52,1.0,0.1,1
PT82_R1_IFN_gamma_8h,ATAC-seq,d010,BMDM,IFN_gamma,8h,PT62_c,female,R1,mouse,PT82,27.5,27.3,BSF_0694_HFCMWBBXY,96098.0,0.47,0.54,4.4,0.0,147.0,0.12,0.28,0.99,0.23,0.97,1335.0,0.5,1.0,0.11,1
PT82_R1_LCMV_Cl13_24h,ATAC-seq,d011,BMDM,LCMV_Cl13,24h,PT62_c,female,R1,mouse,PT82,26.0,25.7,BSF_0694_HFCMWBBXY,110989.0,0.61,0.63,4.4,0.0,,,0.33,0.99,0.26,0.97,1261.2,0.52,1.0,0.1,1
PT82_R1_LCMV_Cl13_8h,ATAC-seq,d010,BMDM,LCMV_Cl13,8h,PT62_c,female,R1,mouse,PT82,25.5,25.2,BSF_0694_HFCMWBBXY,99936.0,0.59,0.63,4.8,0.0,147.0,0.16,0.32,0.99,0.26,0.97,1237.6,0.52,1.0,0.1,1
PT82_R1_LO28_24h,ATAC-seq,d011,BMDM,LO28,24h,PT62_c,female,R1,mouse,PT82,34.3,28.6,BSF_0694_HFCMWBBXY,33208.0,0.06,0.2,1.7,0.01,147.0,0.01,0.11,0.83,0.21,0.98,1642.8,0.45,1.0,0.2,1
PT82_R1_LO28_8h,ATAC-seq,d010,BMDM,LO28,8h,PT62_c,female,R1,mouse,PT82,27.1,26.4,BSF_0694_HFCMWBBXY,104016.0,0.47,0.52,4.0,0.0,147.0,0.11,0.26,0.98,0.22,0.97,1315.9,0.5,1.0,0.1,1
PT82_R1_LPS_24h,ATAC-seq,d011,BMDM,LPS,24h,PT62_c,female,R1,mouse,PT82,25.1,25.0,BSF_0694_HFCMWBBXY,112860.0,0.63,0.62,4.2,0.0,,,0.33,0.99,0.26,0.97,1221.5,0.51,1.0,0.1,1
PT82_R1_LPS_8h,ATAC-seq,d010,BMDM,LPS,8h,PT62_c,female,R1,mouse,PT82,28.1,27.9,BSF_0694_HFCMWBBXY,102716.0,0.44,0.49,3.9,0.0,147.0,0.1,0.26,0.99,0.21,0.97,1363.1,0.5,1.0,0.12,1
PT82_R1_untreated_24h,ATAC-seq,d011,BMDM,untreated,24h,PT62_c,female,R1,mouse,PT82,22.7,22.5,BSF_0694_HFCMWBBXY,93416.0,0.51,0.57,4.3,0.0,147.0,0.11,0.26,0.99,0.2,0.97,1101.2,0.51,1.0,0.09,1
PT82_R1_untreated_8h,ATAC-seq,d010,BMDM,untreated,8h,PT62_c,female,R1,mouse,PT82,29.9,29.7,BSF_0694_HFCMWBBXY,86886.0,0.35,0.43,3.9,0.0,147.0,0.08,0.23,0.99,0.18,0.97,1446.5,0.49,1.0,0.14,1
PT82_R2_C_albicans_24h,ATAC-seq,d011,BMDM,C_albicans,24h,PT66_b,female,R2,mouse,PT82,27.8,27.6,BSF_0694_HFCMWBBXY,100896.0,0.5,0.56,4.5,0.0,147.0,0.12,0.28,0.99,0.22,0.97,1350.9,0.51,1.0,0.1,1
PT82_R2_C_albicans_8h,ATAC-seq,d010,BMDM,C_albicans,8h,PT66_b,female,R2,mouse,PT82,27.3,27.1,BSF_0694_HFCMWBBXY,93001.0,0.44,0.5,4.1,0.0,147.0,0.1,0.26,0.99,0.21,0.97,1326.8,0.5,1.0,0.11,1
PT82_R2_IFN_beta_24h,ATAC-seq,d011,BMDM,IFN_beta,24h,PT66_b,female,R2,mouse,PT82,26.5,26.3,BSF_0694_HFCMWBBXY,95599.0,0.57,0.61,4.6,0.0,147.0,0.16,0.32,0.99,0.26,0.97,1284.9,0.52,1.0,0.09,1
PT82_R2_IFN_beta_8h,ATAC-seq,d010,BMDM,IFN_beta,8h,PT66_b,female,R2,mouse,PT82,29.6,29.3,BSF_0694_HFCMWBBXY,103723.0,0.44,0.5,4.3,0.0,147.0,0.1,0.26,0.99,0.21,0.97,1429.0,0.5,1.0,0.13,1
PT82_R2_IFN_gamma_24h,ATAC-seq,d011,BMDM,IFN_gamma,24h,PT66_b,female,R2,mouse,PT82,28.5,28.2,BSF_0694_HFCMWBBXY,107379.0,0.62,0.65,4.3,0.0,,,0.35,0.99,0.28,0.97,1383.4,0.52,1.0,0.08,1
PT82_R2_IFN_gamma_8h,ATAC-seq,d010,BMDM,IFN_gamma,8h,PT66_b,female,R2,mouse,PT82,25.6,25.4,BSF_0694_HFCMWBBXY,84717.0,0.4,0.48,4.3,0.0,147.0,0.09,0.24,0.99,0.2,0.97,1235.8,0.5,1.0,0.14,1
PT82_R2_LCMV_Cl13_24h,ATAC-seq,d011,BMDM,LCMV_Cl13,24h,PT66_b,female,R2,mouse,PT82,26.6,26.2,BSF_0694_HFCMWBBXY,108593.0,0.63,0.65,5.1,0.0,,,0.34,0.98,0.28,0.97,1290.8,0.52,1.0,0.1,1
PT82_R2_LCMV_Cl13_8h,ATAC-seq,d010,BMDM,LCMV_Cl13,8h,PT66_b,female,R2,mouse,PT82,26.1,25.9,BSF_0694_HFCMWBBXY,99104.0,0.57,0.62,4.7,0.0,147.0,0.15,0.3,0.99,0.24,0.97,1269.6,0.52,1.0,0.1,1
PT82_R2_LO28_24h,ATAC-seq,d011,BMDM,LO28,24h,PT66_b,female,R2,mouse,PT82,26.7,22.9,BSF_0694_HFCMWBBXY,44859.0,0.11,0.24,2.2,0.01,147.0,0.02,0.12,0.86,0.21,0.98,1302.5,0.46,1.0,0.1,1
PT82_R2_LO28_8h,ATAC-seq,d010,BMDM,LO28,8h,PT66_b,female,R2,mouse,PT82,28.4,27.7,BSF_0694_HFCMWBBXY,109432.0,0.47,0.5,3.9,0.0,147.0,0.11,0.25,0.97,0.21,0.97,1376.9,0.49,1.0,0.12,1
PT82_R2_LPS_24h,ATAC-seq,d011,BMDM,LPS,24h,PT66_b,female,R2,mouse,PT82,25.9,25.7,BSF_0694_HFCMWBBXY,104995.0,0.55,0.56,4.2,0.0,147.0,0.14,0.29,0.99,0.23,0.97,1256.4,0.51,1.0,0.1,1
PT82_R2_LPS_8h,ATAC-seq,d010,BMDM,LPS,8h,PT66_b,female,R2,mouse,PT82,25.8,25.6,BSF_0694_HFCMWBBXY,104481.0,0.43,0.48,3.7,0.0,147.0,0.08,0.23,0.99,0.19,0.97,1246.9,0.49,1.0,0.12,1
PT82_R2_untreated_24h,ATAC-seq,d011,BMDM,untreated,24h,PT66_b,female,R2,mouse,PT82,25.2,25.0,BSF_0694_HFCMWBBXY,99263.0,0.53,0.58,4.3,0.0,147.0,0.12,0.28,0.99,0.22,0.97,1224.3,0.52,1.0,0.09,1
PT82_R2_untreated_8h,ATAC-seq,d010,BMDM,untreated,8h,PT66_b,female,R2,mouse,PT82,27.5,27.2,BSF_0694_HFCMWBBXY,91041.0,0.44,0.5,4.1,0.0,147.0,0.11,0.26,0.99,0.2,0.97,1336.2,0.5,1.0,0.1,1
